date,event_name,event_type,is_off
2025-03-21,1,شهادت حضرت امام علی(ع)(۵۴۰ ه‍‍.ق),hijri
2025-03-21,1,آغاز نوروز,jalali
2025-03-21,0,روز جهانی شعر,gregorian
2025-03-22,0,شب قدر,hijri
2025-03-22,1,عید نوروز,jalali
2025-03-22,0,هجوم مأموران ستم‌شاهی پهلوی به مدرسهٔ فیضیهٔ قم(۱۳۴۲ ه‍.ش),jalali
2025-03-22,0,آغاز عملیات فتح‌المبین(۱۳۶۱ ه‍.ش),jalali
2025-03-22,0,روز جهانی آب,gregorian
2025-03-23,1,عید نوروز,jalali
2025-03-23,0,روز جهانی هواشناسی,gregorian
2025-03-24,1,عید نوروز,jalali
2025-03-26,0,زادروز زرتشت پیامبر,jalali
2025-03-27,0,روز هنرهای نمایشی,jalali
2025-03-30,1,عید سعید فطر,hijri
2025-03-30,0,همه‌پرسی تغییر نظام شاهنشاهی به جمهوری اسلامی ایران(۱۳۵۸ ه‍.ش),jalali
2025-04-01,1,روز جمهوری اسلامی ایران,jalali
2025-04-02,1,روز طبیعت,jalali
2025-04-04,0,روز ذخایر ژنتیکی و زیستی,jalali
2025-04-05,0,روز جهانی کودک فلسطینی,gregorian
2025-04-07,0,روز سلامتی,jalali
2025-04-08,0,شهادت آیت‌اللّه سید محمد باقر صدر و خواهر ایشان بنت‌الهدی توسط رژیم بعث عراق(۱۳۵۹ ه‍.ش),jalali
2025-04-09,0,قطع مناسبات سیاسی ایران و آمریکا(۱۳۵۹ ه‍.ش),jalali
2025-04-09,0,روز ملی فناوری هسته‌ای,jalali
2025-04-09,0,شهادت سید مرتضی آوینی (۱۳۷۲ ه‍.ش),jalali
2025-04-09,0,روز هنر انقلاب اسلامی,jalali
2025-04-10,0,شهادت امیر سپهبد علی صیاد شیرازی(۱۳۷۸ ه‍.ش),jalali
2025-04-10,0,سالروز افتتاح حساب شمارهٔ ۱۰۰ به فرمان حضرت امام(ره) و تأسیس بنیاد مسکن انقلاب اسلامی(۱۳۵۸ ه‍.ش),jalali
2025-04-14,0,روز بزرگداشت عطار نیشابوری,jalali
2025-04-15,0,‫روز فرهنگ پهلوانی و ورزش زورخانه‌ای,hijri
2025-04-18,0,روز ارتش جمهوری اسلامی و نیروی زمینی,jalali
2025-04-19,0,فتح اندلس به دست مسلمانان(۹۲ ه‍‍.ق),hijri
2025-03-21,0,روز بزرگداشت سعدی,jalali
2025-03-21,0,روز نثر فارسی,jalali
2025-03-21,0,روز شهدای ورزشکار,jalali
2025-03-22,0,روز زمین پاک,jalali
2025-03-22,0,تأسیس سپاه پاسداران انقلاب اسلامی(۱۳۵۸ ه‍.ش),jalali
2025-03-22,0,سالروز اعلام انقلاب فرهنگی(۱۳۵۹ ه‍.ش),jalali
2025-03-23,1,شهادت حضرت امام جعفر صادق(ع)(۱۴۸ ه‍‍.ق),hijri
2025-03-23,0,شهادت امیر سپهبد قرنی(۱۳۵۸ ه‍.ش),jalali
2025-03-23,0,روز بزرگداشت شیخ بهایی,jalali
2025-03-23,0,روز معماری,jalali
2025-03-25,0,شکست حملهٔ نظامی آمریکا به ایران در طبس(۱۳۵۹ ه‍.ش),jalali
2025-03-25,0,روز جهانی DNA,gregorian
2025-03-27,0,روز ایمنی حمل و نقل,jalali
2025-03-28,0,ولادت حضرت معصومه(س)(۱۷۳ ه‍‍.ق) و روز دختران,hijri
2025-03-28,0,آغاز دههٔ کرامت,hijri
2025-03-29,0,روز شوراها,jalali
2025-03-30,0,آغاز عملیات بیت المقدس(۱۳۶۱ ه‍.ش),jalali
2025-03-30,0,روز ملی خلیج فارس,jalali
2025-03-31,0,روز جهانی کار و کارگر,gregorian
2025-04-01,0,روز تجلیل از امام‌زادگان و بقاع متبرکه,hijri
2025-04-01,0,‫روز بزرگداشت حضرت صالح بن موسی كاظم (ع),hijri
2025-04-01,0,شهادت استاد مرتضی مطهری(۱۳۵۸ ه‍.ش),jalali
2025-04-01,0,روز معلم,jalali
2025-04-02,0,روز بزرگداشت حضرت احمد بن موسی شاهچراغ(ع),hijri
2025-04-04,0,روز بزرگداشت شیخ صدوق,jalali
2025-04-04,0,روز جهانی ماما,gregorian
2025-04-07,0,ولادت حضرت امام رضا(ع)(۱۴۸ ه‍‍.ق),hijri
2025-04-07,0,روز بیماری‌های خاص و صعب‌العلاج,jalali
2025-04-07,0,روز جهانی صلیب سرخ و هلال احمر,gregorian
2025-04-08,0,روز اسناد ملی و میراث مکتوب,jalali
2025-04-08,0,روز بزرگداشت شیخ کلینی,jalali
2025-04-13,0,لغو امتیاز تنباکو به فتوای آیت‌اللّه میرزا حسن شیرازی(۱۲۷۰ ه‍.ش),jalali
2025-04-14,0,روز پاسداشت زبان فارسی و بزرگداشت حکیم ابوالقاسم فردوسی,jalali
2025-04-16,0,روز ارتباطات و روابط عمومی,jalali
2025-04-17,0,روز بزرگداشت حکیم عمر خیام,jalali
2025-04-17,0,روز جهانی موزه و میراث فرهنگی,gregorian
2025-04-19,0,روز ملی جمعیت,jalali
2025-04-20,0,روز اهدای عضو، اهدای زندگی,jalali
2025-03-21,0,روز بهره‌وری و بهینه‌سازی مصرف,jalali
2025-03-21,0,روز بزرگداشت ملاصدرا(صدرالمتألهین),jalali
2025-03-23,0,فتح خرمشهر در عملیات بیت‌المقدس(۱۳۶۱ ه‍.ش) و روز مقاومت، ایثار و پیروزی,jalali
2025-03-24,0,روز مقاومت و پایداری,jalali
2025-03-24,0,روز دزفول,jalali
2025-03-25,0,روز نسیم مهر(روز حمایت از خانوادهٔ زندانیان),jalali
2025-03-26,0,شهادت حضرت امام محمد تقی(ع) «جوادالائمه» (۲۲۰ ه‍‍.ق),hijri
2025-03-27,0,سالروز ازدواج حضرت امام علی(ع) و حضرت فاطمه(س)(۲ ه‍‍.ق),hijri
2025-03-27,0,روز ازدواج,hijri
2025-03-27,0,افتتاح اولین دورهٔ مجلس شورای اسلامی(۱۳۵۹ ه‍.ش),jalali
2025-03-30,0,روز جهانی بدون دخانیات,gregorian
2025-03-31,0,روز جهانی والدین,gregorian
2025-04-01,0,‫شهادت مظلومانهٔ زائران خانهٔ خدا به دست مأموران آل سعود(۱۳۶۶ ه‍.ش برابر با ۶ ذی‌الحجه ۱۴۰۷ ه‍‍.ق),hijri
2025-04-02,0,شهادت حضرت امام محمد باقر(ع)(۱۱۴ ه‍‍.ق),hijri
2025-04-03,1,رحلت حضرت امام خمینی رهبر کبیر انقلاب اسلامی(۱۳۶۸ ه‍.ش),jalali
2025-04-03,0,انتخاب حضرت آیت‌اللّه خامنه‌ای به رهبری(۱۳۶۸ ه‍.ش),jalali
2025-04-04,0,روز عرفه (روز نیایش),hijri
2025-04-04,0,زندانی شدن حضرت امام خمینی(ره) به دست مأموران ستم‌شاهی پهلوی(۱۳۴۲ ه‍.ش),jalali
2025-04-04,1,قیام خونین ۱۵ خرداد(۱۳۴۲ ه‍.ش),jalali
2025-04-04,0,روز جهانی محیط زیست,gregorian
2025-04-05,1,عید سعید قربان,hijri
2025-04-05,0,آغاز دههٔ امامت و ولایت,hijri
2025-04-09,0,شهادت آیت‌اللّه سعیدی به دست مأموران ستم‌شاهی پهلوی(۱۳۴۹ ه‍.ش),jalali
2025-04-09,0,روز صنایع دستی,jalali
2025-04-09,0,روز ملی فرش,jalali
2025-04-09,0,روز جهانی صنایع دستی,gregorian
2025-04-10,0,ولادت حضرت امام علی النقی الهادی(ع)(۲۱۲ ه‍‍.ق),hijri
2025-04-13,1,عید سعید غدیر خم(۱۰ ه‍‍.ق),hijri
2025-04-14,0,روز گل و گیاه,jalali
2025-04-15,0,ولادت حضرت امام موسی کاظم(ع)(۱۲۸ ه‍‍.ق),hijri
2025-04-15,0,شهادت سربازان دلیر اسلام: بخارایی، امانی، صفار هرندی و نیک‌نژاد(۱۳۴۴ ه‍.ش),jalali
2025-04-16,0,روز جهاد کشاورزی(تشکیل جهاد سازندگی به فرمان حضرت امام خمینی(ره)، ۱۳۵۸ ه‍.ش),jalali
2025-04-16,0,روز جهانی بیابان‌زدایی,gregorian
2025-04-18,0,درگذشت دکتر علی شریعتی(۱۳۵۶ ه‍.ش),jalali
2025-04-19,0,روز مباهلهٔ پیامبر اسلام(ص)(۱۰ ه‍‍.ق),hijri
2025-04-19,0,‫شهادت زائران حرم رضوی(ع) به دست ایادی آمریکا(عاشورای ۱۳۷۳ ه‍.ش)‬,jalali
2025-04-20,0,روز خانواده و تکریم بازنشستگان,hijri
2025-04-20,0,شهادت دکتر مصطفی چمران(۱۳۶۰ ه‍.ش),jalali
2025-04-20,0,روز بسیج استادان,jalali
2025-03-21,0,‫سالروز صدور فرمان حضرت امام خمینی(ره) مبنی بر‬ تأسیس سازمان تبلیغات اسلامی (۱۳۶۰ ه‍.ش),jalali
2025-03-21,0,روز تبلیغ و اطلاع‌رسانی دینی,jalali
2025-03-21,0,روز اصناف‬,jalali
2025-03-25,0,آغاز سال هجری قمری,hijri
2025-03-25,0,روز بزرگداشت محتشم کاشانی,hijri
2025-03-25,0,روز شعر و ادبیات آیینی,hijri
2025-03-25,0,روز جهانی مبارزه با مواد مخدر,gregorian
2025-03-26,0,روز امر به معروف و نهی از منکر,hijri
2025-03-27,0,شهادت مظلومانهٔ آیت‌اللّه دکتر بهشتی و ۷۲ تن از یاران امام خمینی(ره) با انفجار بمب به دست منافقان در دفتر مرکزی حزب جمهوری اسلامی (۱۳۶۰ ه‍.ش),jalali
2025-03-27,0,روز قوهٔ قضاییه,jalali
2025-03-27,0,بمباران شیمیایی شهر سردشت (۱۳۶۶ ه‍.ش),jalali
2025-03-28,0,روز مبارزه با سلاح‌های شیمیایی و میکروبی,jalali
2025-03-28,0,انتشار مجوز همگانی عمومی گنو نسخهٔ ۳ (GNU GPLv3) توسط بنیاد نرم‌افزار آزاد (۲۰۰۷ میلادی),gregorian
2025-03-30,0,روز آزادسازی شهر مهران,jalali
2025-03-30,0,روز بزرگداشت صائب تبریزی,jalali
2025-03-30,0,یاد روز ورود حضرت امام رضا (ع) به نیشابور و نقل حدیث سلسلةالذهب‬‫ و‬ ‫روز‬ ‫آزادسازی‬ ‫شهر‬ ‫مهران‬ ‫و‬ ‫روز‬ ‫بزرگداشت‬ ‫صائب‬ ‫تبریزی‬,jalali
2025-03-30,0,روز صنعت و معدن,jalali
2025-03-30,0,روز دیپلماسی فرهنگی و تعامل با جهان,jalali
2025-03-31,0,شهادت آیت‌اللّه صدوقی، چهارمین شهید محراب به دست منافقان(۱۳۶۱ ه‍.ش),jalali
2025-04-01,0,روز بزرگداشت علامه امینی(۱۳۴۹ ه‍.ش),jalali
2025-04-01,0,‫حملهٔ ددمنشانهٔ ناوگان آمریکای جنایتکار به هواپیمای مسافربری جمهوری اسلامی ایران‫(۱۳۶۷ ه‍.ش),jalali
2025-04-01,0,روز افشای حقوق بشر آمریکایی,jalali
2025-04-02,1,تاسوعای حسینی,hijri
2025-04-03,1,عاشورای حسینی,hijri
2025-04-03,0,روز قلم,jalali
2025-04-04,0,روز تجلیل از اسرا و مفقودان,hijri
2025-04-05,0,شهادت حضرت امام زین‌العابدین(ع)(۹۵ ه‍‍.ق),hijri
2025-04-05,0,روز مالیات,jalali
2025-04-07,0,کشف توطئهٔ کودتای آمریکایی در پایگاه هوایی شهید نوژه(۱۳۵۹ ه‍.ش),jalali
2025-04-07,0,‫روز ادبیات کودکان و نوجوانان‬,jalali
2025-04-10,0,حمله به مسجد گوهرشاد و کشتار مردم توسط رضاخان(۱۳۱۴ ه‍.ش),jalali
2025-04-10,0,روز عفاف و حجاب,jalali
2025-04-11,0,روز بزرگداشت خوارزمی,jalali
2025-04-11,0,روز فناوری اطلاعات,jalali
2025-04-12,0,روز گفت‌وگو و تعامل سازنده با جهان,jalali
2025-04-12,0,گشایش نخستین مجلس خبرگان رهبری(۱۳۶۲ ه‍.ش),jalali
2025-04-14,0,روز بهزیستی و تأمین اجتماعی,jalali
2025-04-15,0,سالروز تأسیس نهاد شورای نگهبان,jalali
2025-04-16,0,اعلام پذیرش قطعنامهٔ ۵۹۸ شورای امنیت از سوی ایران(۱۳۶۷ ه‍.ش),jalali
2025-04-18,0,شهادت حضرت امام زین‌العابدین(ع)(۹۵ ه‍‍.ق) به روایتی,hijri
2025-04-19,0,روز بزرگداشت آیت‌الله سید ابولقاسم کاشانی,jalali
2025-04-20,0,روز تقریب پی (π),gregorian
2025-03-24,0,روز بزرگداشت شیخ صفی‌الدین اردبیلی,jalali
2025-03-25,0,ولادت امام محمد باقر(ع)(۵۷ ﻫ. ق) به روایتی,hijri
2025-03-25,0,سالروز عملیات افتخار آفرین مرصاد(۱۳۶۷ ه‍.ش),jalali
2025-03-26,0,روز کارآفرینی و آموزش‌های فنی و حرفه‌ای,jalali
2025-03-28,0,روز بزرگداشت شیخ شهاب‌الدین سهروردی(شیخ اشراق),jalali
2025-03-29,0,شهادت حضرت امام حسن مجتبی(ع)(۵۰ ه‍‍.ق)(به روایتی),hijri
2025-03-29,0,روز بزرگداشت سلمان فارسی,hijri
2025-03-29,0,روز اهدای خون,jalali
2025-03-30,0,روز جهانی شیر مادر,gregorian
2025-03-31,0,شهادت آیت‌اللّه شیخ فضل‌اللّه نوری(۱۲۸۸ ه‍.ش),jalali
2025-04-03,0,صدور فرمان مشروطیت(۱۲۸۵ ه‍.ش),jalali
2025-04-03,0,روز حقوق بشر اسلامی و کرامت انسانی,jalali
2025-04-04,0,انفجار بمب اتمی آمریکا در هیروشیما با بیش از ۱۶۰ هزار کشته و مجروح (۱۹۴۵ میلادی),gregorian
2025-04-05,0,تشکیل جهاد دانشگاهی(۱۳۵۹ ه‍.ش),jalali
2025-04-06,0,سالروز شهادت محمود صارمی,jalali
2025-04-06,0,روز خبرنگار,jalali
2025-04-07,0,روز بزرگداشت شهدای مدافع حرم,jalali
2025-04-10,0,روز حمایت از صنایع کوچک,jalali
2025-04-11,1,اربعین حسینی,hijri
2025-04-11,0,روز تشکل‌ها و مشارکت‌های اجتماعی,jalali
2025-04-12,0,روز مقاومت اسلامی,jalali
2025-04-15,0,آغاز بازگشت آزادگان به میهن اسلامی(۱۳۶۹ ه‍.ش),jalali
2025-04-17,0,گشایش مجلس خبرگان برای بررسی نهایی قانون اساسی جمهوری اسلامی ایران(۱۳۵۸ ه‍.ش),jalali
2025-04-17,0,کودتای آمریکا برای بازگرداندن شاه(۱۳۳۲ ه‍.ش),jalali
2025-04-19,1,رحلت حضرت رسول اکرم(ص)(۱۱ ه‍‍.ق),hijri
2025-04-19,0,شهادت حضرت امام حسن مجتبی(ع)(۵۰ ه‍‍.ق),hijri
2025-04-19,0,روز بزرگداشت علامه مجلسی,jalali
2025-04-19,0,روز جهانی مسجد,gregorian
2025-04-20,0,روز صنعت دفاعی,jalali
2025-03-21,1,شهادت حضرت امام رضا(ع)(۲۰۳ ه‍‍.ق),hijri
2025-03-21,0,روز بزرگداشت ابوعلی سینا,jalali
2025-03-21,0,روز پزشک,jalali
2025-03-22,0,هجرت حضرت رسول اکرم(ص) از مکه به مدینه,hijri
2025-03-22,0,آغاز هفتهٔ دولت,jalali
2025-03-22,0,‫شهادت سید علی اندرزگو(۲ شهریور ۱۳۵۷ ه‍.ش و ۱۹ رمضان ۱۳۹۸ ه‍‍.ق),jalali
2025-03-23,0,اشغال ایران توسط متفقین و فرار رضاخان(۱۳۲۰ ه‍.ش),jalali
2025-03-24,0,روز کارمند,jalali
2025-03-25,0,روز بزرگداشت محمد بن زکریای رازی,jalali
2025-03-25,0,روز داروسازی,jalali
2025-03-25,0,روز کُشتی,jalali
2025-03-28,0,انفجار دفتر نخست‌وزیری به دست منافقان و شهادت مظلومانهٔ شهیدان رجایی و باهنر (۱۳۶۰ ه‍.ش),jalali
2025-03-28,0,روز مبارزه با تروریسم,jalali
2025-03-29,1,شهادت حضرت امام حسن عسکری(ع)(۲۶۰ ه‍‍.ق) و آغاز امامت حضرت ولی‌عصر (عج),hijri
2025-03-30,0,روز بانکداری اسلامی(سالروز تصویب قانون عملیات بانکی بدون ربا، ۱۳۶۲ ه‍.ش),jalali
2025-03-30,0,روز تشکیل قرارگاه پدافند هوایی حضرت خاتم‌الانبیا (ص),jalali
2025-03-31,0,روز صنعت چاپ,jalali
2025-04-01,0,روز بهورز,jalali
2025-04-01,0,سالروز شهادت رییسعلی دلواری,jalali
2025-04-01,0,روز مبارزه با استعمار انگلیس,jalali
2025-04-02,0,ولادت حضرت رسول اکرم(ص) به روایت اهل سنت(۵۳ سال قبل از هجرت),hijri
2025-04-02,0,آغاز هفتهٔ وحدت,hijri
2025-04-02,0,آغاز واجب شدن نماز، ورود پیامبر به مدینه,hijri
2025-04-02,0,روز مردم‌شناسی,jalali
2025-04-02,0,روز تعاون,jalali
2025-04-02,0,روز بزرگداشت ابوریحان بیرونی,jalali
2025-04-02,0,روز علوم پایه,jalali
2025-04-03,0,شهادت آیت‌اللّه قدوسی و سرتیپ وحید دستجردی(۱۳۶۰ ه‍.ش),jalali
2025-04-05,0,بنای مسجد قبا(اولین مسجد در اسلام),hijri
2025-04-06,0,روز وقف,hijri
2025-04-06,0,ورود اهل بیت اما حسین(ع) به شام,hijri
2025-04-06,0,قیام ۱۷ شهریور و کشتار جمعی از مردم به دست مأموران ستم‌شاهی پهلوی(۱۳۵۷ ه‍.ش),jalali
2025-04-07,1,ولادت حضرت رسول اکرم(ص)(۵۳ سال قبل از هجرت) و روز اخلاق و مهرورزی,hijri
2025-04-07,0,ولادت حضرت امام جعفر صادق(ع) مؤسس مذهب جعفری(۸۳ ه‍‍.ق),hijri
2025-04-07,0,بنای مسجدالنبی در مدینه,hijri
2025-04-08,0,وفات آیت‌اللّه سید محمود طالقانی اولین امام جمعهٔ تهران(۱۳۵۸ ه‍.ش),jalali
2025-04-09,0,شهادت دومین شهید محراب، آیت‌اللّه مدنی به دست منافقان(۱۳۶۰ ه‍.ش),jalali
2025-04-10,0,روز سینما,jalali
2025-04-11,0,روز جهانی برنامه‌نویس (روز ۲۵۶ اُم سال میلادی),jalali
2025-04-13,0,ورود حضرت معصومه(س) به قم,hijri
2025-04-16,0,صلح امام حسن(ع),hijri
2025-04-16,0,روز شعر و ادب فارسی,jalali
2025-04-16,0,روز بزرگداشت استاد سید محمد حسین شهریار,jalali
2025-04-19,0,روز گفت‌وگوی تمدن‌ها,jalali
2025-04-20,0,آغاز جنگ تحمیلی(۱۳۵۹ ه‍.ش),jalali
2025-04-20,0,آغاز هفتهٔ دفاع مقدس,jalali
2025-03-22,0,سفر اما حسن(ع) به جرجان,hijri
2025-03-22,0,روز بزرگداشت شهدای منا,jalali
2025-03-23,0,ولادت شاه عبدالعظیم حسنی(ع),hijri
2025-03-24,0,روز سرباز,jalali
2025-03-25,0,هلاکت هشام بن عبدالملک صادر کنندهٔ دستور شهادت امام باقر(ع),hijri
2025-03-25,0,شکست حصر آبادان در عملیات ثامن‌الائمه(ع)(۱۳۶۰ ه‍.ش),jalali
2025-03-25,0,روز گردشگری,jalali
2025-03-27,0,ولادت حضرت امام حسن عسکری(ع)(۲۳۲ ه‍‍.ق),hijri
2025-03-27,0,شهادت حضرت فاطمهٔ زهرا(س)(۱۱ ﻫ. ق) به روایتی,hijri
2025-03-27,0,شهادت سرداران اسلام: فلاحی، فکوری، نامجو، کلاهدوز و جهان‌آرا(۱۳۶۰ ه‍.ش),jalali
2025-03-27,0,روز بزرگداشت فرماندهان شهید دفاع مقدس,jalali
2025-03-27,0,روز آتش‌نشانی و ایمنی,jalali
2025-03-27,0,روز بزرگداشت شمس,jalali
2025-03-28,0,روز بزرگداشت مولوی,jalali
2025-03-28,0,روز جهانی ناشنوایان,gregorian
2025-03-28,0,روز جهانی دریانوردی,gregorian
2025-03-29,0,وفات حضرت معصومه(س)(۲۰۱ ه‍‍.ق),hijri
2025-03-29,0,روز جهانی سالمندان,gregorian
2025-03-30,0,روز نخبگان,jalali
2025-04-02,0,هجرت حضرت امام خمینی(ره) از عراق به پاریس(۱۳۵۷ ه‍.ش),jalali
2025-04-02,0,روز نیروی انتظامی,jalali
2025-04-03,0,روز دامپزشکی,jalali
2025-04-04,0,روز روستا و عشایر,jalali
2025-04-04,0,روز جهانی حماسه فلسطین,jalali
2025-04-04,0,طوفان الاقصی,jalali
2025-04-05,0,روز جهانی کودک,gregorian
2025-04-06,0,روز جهانی پست,gregorian
2025-04-09,0,روز اسکان معلولان و سالمندان,jalali
2025-04-09,0,روز بزرگداشت حافظ,jalali
2025-04-11,0,روز جهانی استاندارد,gregorian
2025-04-12,0,شهادت پنجمین شهید محراب، آیت‌اللّه اشرفی اصفهانی به دست منافقان(۱۳۶۱ ه‍.ش),jalali
2025-04-12,0,روز جهانی نابینایان (عصای سفید),gregorian
2025-04-13,0,روز پیوند اولیا و مربیان,jalali
2025-04-13,0,‫سالروز واقعه به آتش كشیدن مسجد جامع شهر كرمان توسط دژخیمان رژیم پهلوی(۱۳۵۷ ه‍.ش),jalali
2025-04-13,0,روز ملی پارالمپیک,jalali
2025-04-13,0,روز جهانی غذا,gregorian
2025-04-14,0,روز نسل کشی کودکان و زنان فلسطینی,jalali
2025-04-15,0,روز تربیت بدنی و ورزش,jalali
2025-04-18,0,روز صادرات,jalali
2025-03-21,0,شهادت مظلومانهٔ آیت‌اللّه حاج سید مصطفی خمینی(۱۳۵۶ ه‍.ش),jalali
2025-03-21,0,روز آمار و برنامه‌ریزی,jalali
2025-03-21,0,روز بزرگداشت ابوالفضل بیهقی,jalali
2025-03-21,0,روز جهانی مول (شیمی),gregorian
2025-03-24,0,ولادت حضرت زینب(س)(۵ ه‍‍.ق) و روز پرستار,hijri
2025-03-24,0,اعتراض و افشاگری حضرت امام خمینی(ره) علیه پذیرش کاپیتولاسیون(۱۳۴۳ ه‍.ش),jalali
2025-03-28,0,روز پدافند غیرعامل,jalali
2025-03-28,0,شهادت محمدحسین فهمیده(بسیجی ۱۳ ساله),jalali
2025-03-28,0,روز نوجوان و بسیج دانش‌آموزی,jalali
2025-03-29,0,وقوع جنگ جمل بین سپاهیان امام علی(ع) و ناکثین,hijri
2025-03-30,0,شهادت آیت‌اللّه قاضی طباطبایی اولین شهید محراب به دست منافقان(۱۳۵۸ ه‍.ش),jalali
2025-04-01,0,شهادت حضرت فاطمهٔ زهرا(س)(۱۱ ه‍‍.ق) به روایتی,hijri
2025-04-02,0,تبعید امام خمینی(ره) از ایران به ترکیه(۱۳۴۳ ه‍.ش),jalali
2025-04-02,0,تسخیر لانهٔ جاسوسی آمریکا به دست دانشجویان پیرو خط امام(۱۳۵۸ ه‍.ش),jalali
2025-04-02,0,روز ملی مبارزه با استکبار جهانی,jalali
2025-04-02,0,روز دانش‌آموز,jalali
2025-04-03,0,روز فرهنگ عمومی,jalali
2025-04-07,0,روز کیفیت,jalali
2025-04-08,0,روز جهانی علم در خدمت صلح و توسعه,gregorian
2025-04-09,0,روز مجردها (Singles' Day),gregorian
2025-04-13,0,روز کتاب، کتاب‌خوانی و کتابدار,jalali
2025-04-13,0,روز بزرگداشت آیت‌اللّه علامه سید محمدحسین طباطبایی(۱۳۶۰ ه‍.ش),jalali
2025-04-15,0,وفات حضرت عبدالمطلب(ع),hijri
2025-04-15,0,سالروز آزادسازی سوسنگرد,jalali
2025-04-19,0,روز قهرمان ملی,jalali
2025-04-19,0,روز بزرگداشت ابونصر فارابی,jalali
2025-04-19,0,روز حکمت و فلسفه,jalali
2025-03-22,1,شهادت حضرت فاطمهٔ زهرا(س)(۱۱ ه‍‍.ق),hijri
2025-03-22,0,روز فیبوناچی,gregorian
2025-03-23,0,هلاکت هارون‌الرشید قاتل اما کاظم(ع),hijri
2025-03-23,0,روز تکامل,gregorian
2025-03-25,0,سالروز قیام مردم گرگان(۱۳۵۷ ه‍.ش),jalali
2025-03-25,0,تشکیل بسیج مستضعفان به فرمان حضرت امام خمینی(ره) (۱۳۵۸ ه‍.ش),jalali
2025-03-25,0,روز بسیج مستضعفان,jalali
2025-03-27,0,روز نیروی دریایی,jalali
2025-03-27,0,روز نوآوری و فناوری ایران ساخت,jalali
2025-03-29,0,روز بزرگداشت شیخ مفید,jalali
2025-03-29,0,روز جهانی امنیت کامپیوتری، روز جهانی گرامیداشت قربانیان سلاح شیمیایی,gregorian
2025-03-30,0,شهادت آیت‌اللّه سید حسن مدرس(۱۳۱۶ ه‍.ش) و روز مجلس,jalali
2025-03-30,0,روز جهانی ایدز,gregorian
2025-03-31,0,حرکت پیامبر به سمت خیبر,hijri
2025-03-31,0,شهادت میرزا کوچک خان جنگلی(۱۳۰۰ ه‍.ش),jalali
2025-04-01,0,‫وفات حضرت ام‌البنین (س),hijri
2025-04-01,0,روز تکریم مادران و همسران شهدا‬,hijri
2025-04-01,0,وفات ام‌البنین(س),hijri
2025-04-01,0,تصویب قانون اساسی جمهوری اسلامی ایران (۱۳۵۸ ه‍.ش),jalali
2025-04-01,0,روز قانون اساسی جمهوری اسلامی ایران,jalali
2025-04-01,0,روز جهانی معلولان,gregorian
2025-04-02,0,روز بیمه,jalali
2025-04-02,0,روز جهانی یوزپلنگ، روز جهانی حفاظت از حیات وحش,gregorian
2025-04-03,0,روز جهانی خاک,gregorian
2025-04-05,0,روز دانشجو,jalali
2025-04-05,0,روز جهانی هواپیمایی,gregorian
2025-04-07,0,ازدواج حضرت عبداللّه(ع) و آمنه(س),hijri
2025-04-07,0,معرفی عراق به عنوان مسئول و آغازگر جنگ از سوی سازمان ملل(۱۳۷۰ ه‍.ش),jalali
2025-04-08,0,ولادت حضرت فاطمهٔ زهرا(س)(سال هشتم قبل از هجرت) و روز زن,hijri
2025-04-08,0,تولد امام خمینی(ره) رهبر کبیر انقلاب اسلامی(۱۳۲۰ ه‍‍.ق),hijri
2025-04-08,0,تشکیل شورای عالی انقلاب فرهنگی به فرمان حضرت امام خمینی(۱۳۶۳ ه‍.ش),jalali
2025-04-08,0,روز جهانی حقوق بشر، روز جایزهٔ نوبل,gregorian
2025-04-09,0,ولادت حضرت ام‌کلثوم(س),hijri
2025-04-09,0,شهادت آیت‌اللّه دستغیب، سومین شهید محراب به دست منافقان(۱۳۶۰ ه‍.ش),jalali
2025-04-09,0,روزز یونیسف، روز جهانی کوهستان,gregorian
2025-04-11,0,روز جهانی ویولن,gregorian
2025-04-12,0,روز جهانی میمون,gregorian
2025-04-13,0,روز جهانی چای,gregorian
2025-04-14,0,روز تجلیل از شهید تندگویان,jalali
2025-04-14,0,روز پژوهش,jalali
2025-04-15,0,روز حمل و نقل و رانندگان,jalali
2025-04-16,0,شهادت آیت‌اللّه دکتر محمد مفتح(۱۳۵۸ ه‍.ش),jalali
2025-04-16,0,روز وحدت حوزه و دانشگاه,jalali
2025-04-16,0,روز جهان عاری از خشونت و افراطی‌گری,jalali
2025-04-19,0,ولادت حضرت امام محمد باقر(ع)(۵۷ ه‍‍.ق),hijri
2025-04-19,0,شب یلدا,jalali
2025-03-22,0,شهادت حضرت امام علی النقی الهادی(ع)(۲۵۴ ه‍‍.ق),hijri
2025-03-23,0,روز ثبت احوال,jalali
2025-03-24,0,روز بزرگداشت رودکی,jalali
2025-03-24,0,‫ولادت حضرت عیسی مسیح (ع),gregorian
2025-03-25,0,روز ملی ایمنی در برابر زلزله,jalali
2025-03-25,0,روز ایمنی در برابر زلزله و کاهش اثرات بلایای طبیعی,jalali
2025-03-27,0,شهادت آیت‌اللّه حسین غفاری به دست مأموران ستم‌شاهی پهلوی(۱۳۵۳ ه‍.ش),jalali
2025-03-27,0,سالروز تشکیل نهضت سوادآموزی به فرمان حضرت امام خمینی(ره)(۱۳۵۸ ه‍.ش),jalali
2025-03-28,0,ولادت حضرت علی اصغر(ع),hijri
2025-03-29,0,ولادت حضرت امام محمد تقی(ع) «جوادالائمه» (۱۹۵ ه‍‍.ق),hijri
2025-03-29,0,روز بصیرت و میثاق امت با ولایت,jalali
2025-03-31,0,آغاز سال میلادی,gregorian
2025-04-01,1,ولادت حضرت امام علی(ع)(۲۳ سال قبل از هجرت),hijri
2025-04-01,0,روز پدر,hijri
2025-04-01,0,آغاز ایام‌البیض(اعتکاف),hijri
2025-04-01,0,بزرگداشت علامه مصباح یزدی,jalali
2025-04-01,0,روز علوم انسانی اسلامی,jalali
2025-04-01,0,روز داستان‌های علمی-تخیلی,gregorian
2025-04-02,0,ابلاغ پیام تاریخی امام خمینی به گورباچف رهبر شوروی سابق(۱۳۶۷ ه‍.ش),jalali
2025-04-02,0,روز جهانی مقاومت,jalali
2025-04-02,0,شهادت الگوی اخلاص و عمل سردار سپهبد قاسم سلیمانی به دست استکبار جهانی,jalali
2025-04-03,0,ارتحال حضرت زینب(س)(۶۲ ه‍‍.ق),hijri
2025-04-03,0,تغییر قبلهٔ مسلمین از از بیت‌المقدس به مکهٔ معظمه(۲ ه‍‍.ق),hijri
2025-04-04,0,خروج فاطمه بنت اسد از کعبه,hijri
2025-04-05,0,شهادت سیدحسین علم‌الهدی و همرزمان وی در هویزه,jalali
2025-04-05,0,روز شهدای دانشجو,jalali
2025-04-06,0,اجرای طرح استعماری حذف حجاب توسط رضاخان(۱۳۱۴ ه‍.ش),jalali
2025-04-08,0,قیام خونین مردم قم(۱۳۵۶ ه‍.ش),jalali
2025-04-09,0,شهادت میرزا تقی خان امیرکبیر(۱۲۳۰ ه‍.ش),jalali
2025-04-10,0,روز جهانی تشکر,gregorian
2025-04-11,0,مجروح شدن اما حسن مجتبی(ع) در ستبتط مدائن، مسموم شدن امام موسی کاظم(ع) به دستور مأمون,hijri
2025-04-11,0,تشکیل شورای انقلاب به فرمان حضرت امام خمینی(۱۳۵۷ ه‍.ش),jalali
2025-04-12,0,فتح قلعهٔ خیبر توسط حضرت علی(ع)، بازگشت حعفر بن ابی‌طالب از حبشه,hijri
2025-04-13,0,شهادت حضرت امام موسی کاظم(ع)(۱۸۳ ه‍‍.ق),hijri
2025-04-13,0,روز جهانی منطق,gregorian
2025-04-14,0,وفات حضرت ابوطالب(ع),hijri
2025-04-14,0,روز تاریخ‌نگاری انقلاب اسلامی,jalali
2025-04-14,0,روز ویکی‌پدیا,gregorian
2025-04-15,1,مبعث حضرت رسول اکرم(ص)(۱۳ سال قبل از هجرت),hijri
2025-04-15,0,فرار شاه معدوم(۱۳۵۷ ه‍.ش),jalali
2025-04-16,0,حرکت امام حسین(ع) از مدینه به مکه,hijri
2025-04-16,0,شهادت نواب صفوی، طهماسبی، برادران واحدی و ذوالقدر از فداییان اسلام(۱۳۳۴ ه‍.ش),jalali
2025-03-21,0,ولادت حضرت امام حسین(ع)(۴ ه‍‍.ق) و روز پاسدار,hijri
2025-03-22,0,ولادت حضرت ابوالفضل العباس(ع)(۲۶ ه‍‍.ق) و روز جانباز,hijri
2025-03-23,0,ولادت حضرت امام زین‌العابدین(ع)(۳۸ ه‍‍.ق),hijri
2025-03-23,0,روز صحیفهٔ سجادیه,hijri
2025-03-25,0,انتخابات اولین دورهٔ ریاست جمهوری(۱۳۵۸ ه‍.ش),jalali
2025-03-26,0,سالروز حماسهٔ مردم آمل,jalali
2025-03-26,0,روز بزرگداشت صفی‌الدین اُرمَوی,jalali
2025-03-26,0,روز آواها و نواهای ایرانی,jalali
2025-03-29,0,ولادت حضرت علی اکبر(ع)(۳۳ ه‍‍.ق) و روز جوان,hijri
2025-04-01,0,بازگشت حضرت امام خمینی به ایران(۱۳۵۷ ه‍.ش) و آغاز دههٔ مبارک فجر انقلاب اسلامی,jalali
2025-04-02,1,ولادت حضرت قائم(عج)(۲۵۵ ه‍‍.ق) و روز جهانی مستضعفان,hijri
2025-04-02,0,روز سربازان گمنام امام زمان(عج),hijri
2025-04-03,0,روز فناوری فضایی,jalali
2025-04-08,0,روز نیروی هوایی,jalali
2025-04-09,0,روز پیتزا,gregorian
2025-04-09,0,روز جهانی دندانپزشک,gregorian
2025-04-10,0,شکسته شدن حکومت نظامی به فرمان امام خمینی(۱۳۵۷ ه‍.ش),jalali
2025-04-11,1,پیروزی انقلاب اسلامی ایران و سقوط نظام شاهنشاهی(۱۳۵۷ ه‍.ش),jalali
2025-04-14,0,صدور حکم تاریخی امام خمینی مبنی بر ارتداد سلمان رشدی نویسندهٔ خائن کتاب آیات شیطانی(۱۳۶۷ ه‍.ش),jalali
2025-04-18,0,قیام مردم تبریز به مناسبت چهلمین روز شهادت شهدای قم(۱۳۵۶ ه‍.ش),jalali
2025-04-18,0,روز اقتصاد مقاومتی و کارآفرینی,jalali
2025-03-23,0,کودتای انگلیسی رضاخان(۱۲۹۹ ه‍.ش),jalali
2025-03-25,0,روز بزرگداشت خواجه نصیرالدین طوسی,jalali
2025-03-25,0,روز مهندسی,jalali
2025-03-28,0,وفات حضرت خدیجه(س)(۳ سال قبل از هجرت),hijri
2025-03-28,0,روز امور تربیتی و تربیت اسلامی,jalali
2025-03-28,0,روز حمایت از بیماران نادر,jalali
2025-03-29,0,روز ملی حمایت از حقوق مصرف‌کنندگان,jalali
2025-04-02,0,ولادت حضرت امام حسن مجتبی(ع)(۳ ه‍‍.ق) و روز اکرام و تکریم خیرین,hijri
2025-04-03,0,روز احسان و نیکوکاری,jalali
2025-04-03,0,روز ترویج فرهنگ قرض‌الحسنه,jalali
2025-04-04,0,روز درختکاری,jalali
2025-04-04,0,روز آموزش همگانی حفظ محیط زیست,jalali
2025-04-05,0,شب قدر,hijri
2025-04-06,0,ضربت خوردن حضرت امام علی(ع)(۵۴۰ ه‍‍.ق),hijri
2025-04-06,0,روز نهج‌البلاغه,hijri
2025-04-07,0,شب قدر,hijri
2025-04-07,0,روز بزرگداشت سید جمال‌الدین اسدآبادی,jalali
2025-04-07,0,سالروز تأسیس کانون‌های فرهنگی و هنری مساجد کشور,jalali
2025-04-08,1,شهادت حضرت امام علی(ع)(۵۴۰ ه‍‍.ق),hijri
2025-04-09,0,شب قدر,hijri
2025-04-09,0,روز راهیان نور,jalali
2025-04-10,0,روز بزرگداشت نظامی گنجوی,jalali
2025-04-11,0,سالروز صدور فرمان حضرت امام خمینی مبنی بر تأسیس بنیاد شهید انقلاب اسلامی (۱۳۵۸ ه‍.ش),jalali
2025-04-11,0,روز بزرگداشت شهدا,jalali
2025-04-12,0,روز پی (π),gregorian
2025-04-13,0,برگزاری انتخابات اولین دورهٔ مجلس شورای اسلامی(۱۳۵۸ ه‍.ش),jalali
2025-04-14,0,بمباران شیمیایی حلبچه توسط ارتش بعث عراق(۱۳۶۶ ه‍.ش),jalali
2025-04-14,0,روز بزرگداشت پروین اعتصامی,jalali
2025-04-14,0,تولد ریچارد استالمن (مؤسس بنیاد نرم‌افزار آزاد و پروژهٔ گنو),gregorian
2025-04-18,1,عید سعید فطر,hijri
2025-04-18,1,روز ملی شدن صنعت نفت ایران(۱۳۲۹ ه‍.ش),jalali